Vin,Model
05fj2ec8ykq2spufr,Integra Acura
z1zsc7ggg5q5qy23j,ILX Acura
svvmplntxxmtl6b3f,MDX Acura
matby78cvjvcivx8j,MDX Sport Hybrid Acura
68tekql9pj4x49pck,NSX Acura
l2kh3xxj3c1robyuc,RDX Acura
9cjacuhcjyep0jg97,RLX Acura
k5xbck64qntrahfc2,RLX Sport Hybrid Acura
9m2jjidfu9s4c2vrr,TLX Acura
136a61ngvgxuiq8m8,4C Spider Alfa Romeo
k3hxaxu6slnanu8at,Giulia Alfa Romeo
qmg1cupdxbpulstre,Stelvio Alfa Romeo
s2j31fldoq9fiwzuz,A3 Audi
awgghi2umwfmh24sj,A4 Audi
bf00yg4xyep7po09v,A5 Audi
s7l7ktrjotg1hxfx9,A6 Audi
ut49lpmstdmw7homv,A6 allroad Audi
k6hl1wirkxx6rrkkq,A7 Audi
4hfwgs8o1qewrl1ow,Q3 Audi
mipx37vsb1ywcwclr,Q5 Audi
nhh8eni69fe42l5s4,Q7 Audi
eb52ajtde0k2y3cla,Q8 Audi
8ugxi4h031ryjp2dh,R8 Audi
saqzm7y49x8ellct2,S4 Audi
nllh5gybhsbp5kryr,S8 Audi
lb4lvwr2jhiwsppeq,SQ5 Audi
cr19w42xepwodmqq3,TT Audi
aayr1z4ow9ppzcwko,2 Series BMW
ia6rzgcxqg4nf51fy,3 Series BMW
poq9l17ua4nipmaey,4 Series BMW
equll3v3kt9bqexja,5 Series BMW
xh4p6i87ymzpb34jq,7 Series BMW
0lvndu5gai8tt0z9p,8 Series BMW
z3jjhhvowr5ojze19,M2 BMW
nmxwtw8j5a9nev9pw,X1 BMW
ea9htd99rc911s31u,X2 BMW
nnl2fgkalgwas658w,X3 BMW
ue224iyxcu9rdsgvu,X3 M BMW
hwe394yhh6n98fd3f,X4 BMW
7z91tfwfcwlshyqo7,X5 BMW
zj33vjdvwlkxdo6y8,X6 BMW
uqw2yrry6iny9h7ub,X7 BMW
q39mmq6g63mr8ho3j,Z4 BMW
e92eb2leybz6xdmdc,Enclave Buick
7czwhazw1xfg8a840,Encore Buick
c726pbxhyogjjz9o6,Encore GX Buick
klew79csjeg7zb1c6,Envision Buick
aokfsbbptvtmr8g2c,Regal Sportback Buick
zwzef8zof7rj8nphm,Regal TourX Buick
yud01kchontf1fafx,CT4 Cadillac
lem25qv0mdufuieff,CT5 Cadillac
kvym8lx61vgjn1qek,CT6 Cadillac
bk4u3es9pgrb3fpaw,CT6-V Cadillac
5oqln2z5e5or9mebk,Escalade Cadillac
g3kurrgmtff58p1i0,Escalade ESV Cadillac
6cx9yrfyzidrp4nat,XT4 Cadillac
8vzbo6k84xtafpxji,XT5 Cadillac
qboksme62ic4dk15p,XT6 Cadillac
rfsyrfma44vxt3qih,Blazer Chevrolet
omvipjvfwxie1m2f0,Bolt EV Chevrolet
7r0t86bkyrsiipww5,Camaro Chevrolet
6pjgb67t5re6cr3s2,Colorado Crew Cab Chevrolet
58syqpu811c6nivr6,Colorado Extended Cab Chevrolet
qm5u5v29co7nvazzq,Corvette Chevrolet
tydgq9zhkf5wsjsog,Equinox Chevrolet
aqxi9n0ynbwug0mg6,Express 2500 Cargo Chevrolet
y7ozangmvp7mufp9o,Express 3500 Cargo Chevrolet
aicitlnsc8cwdosqv,Impala Chevrolet
uuar9dr5o72l36hv1,Malibu Chevrolet
0deyewag8pdzrbo68,Silverado 1500 Crew Cab Chevrolet
u497afumfnugjb5bm,Silverado 1500 Double Cab Chevrolet
xol7q79kbyog65np4,Silverado 1500 Regular Cab Chevrolet
mmw408tl8ipaynhyf,Silverado 2500 HD Crew Cab Chevrolet
oavbe69w8rggjsg1p,Silverado 2500 HD Double Cab Chevrolet
zsos7q2vrztknkgr1,Silverado 3500 HD Crew Cab Chevrolet
rn42hqxh1qmez0jjj,Sonic Chevrolet
yzkwqt2qwhqmvhazs,Spark Chevrolet
a36xrc1kf9pr28kad,Suburban Chevrolet
wrhea4bmvig5fjmpg,Tahoe Chevrolet
zpmvgxtlltn84jglr,Traverse Chevrolet
utroa85l63up90dbv,Trax Chevrolet
i4xsp4y2zkxn09aty,300 Chrysler
y382zrrkk386m3k7i,Pacifica Chrysler
alx9fz2vlyh7g4t5l,Pacifica Hybrid Chrysler
bjd3tngheaz6mrnqr,Voyager Chrysler
8y6ysdfho2jme8oaa,Challenger Dodge
1a3pr8r2aydy8h4ry,Charger Dodge
559wsg8weu64ack6m,Durango Dodge
zmwcq0o6spbsqvp5p,Grand Caravan Passenger Dodge
ctani443nnu7aw22w,Journey Dodge
rr4woev0a06dy9q8u,124 Spider FIAT
9158qr2idm38r2j04,500L FIAT
d7b3xppxid8zyoe8p,500X FIAT
xb6xb9cnl212s7wn4,EcoSport Ford
5t71lmqkin3tp7z9c,Edge Ford
fi4gc78pmwy5zglm4,Escape Ford
tvbxlyqm2vi454b2q,Expedition Ford
1otx3v9l8z1pthsgu,Expedition MAX Ford
oe8o3tn3jmzvr2wci,Explorer Ford
o73g09bmn9y7jo0xk,F150 Regular Cab Ford
q63b84f4tij0r7enk,F150 Super Cab Ford
3unoye6cquz6a798g,F150 SuperCrew Cab Ford
l0igqdymg12w5btu8,F250 Super Duty Crew Cab Ford
ufj61279rjq8slj1l,F250 Super Duty Regular Cab Ford
voednrzbrnequsfmb,F250 Super Duty Super Cab Ford
m3yju7lh83hoxps4u,F350 Super Duty Crew Cab Ford
qfp4hyu4jo2t61kvq,F350 Super Duty Super Cab Ford
8qdcbr26oyrx37vva,F450 Super Duty Crew Cab Ford
ca6hefdoktsxcc62h,Fusion Ford
rc0spxw839dhpqh76,Fusion Plug-in Hybrid Ford
zkzj3kax07kilwu5w,Mustang Ford
qt5sxmjilfah5cl0g,Ranger SuperCab Ford
nwd7y104y0mzrnsl2,Ranger SuperCrew Ford
axcnb8pbsf9q559sf,Transit 250 Cargo Van Ford
j82z22ey8w6t31r5c,Transit 350 Passenger Van Ford
bxx2lyx5fv1n34nhl,Transit Connect Cargo Van Ford
eutdi58zdmssynrv3,Transit Connect Passenger Wagon Ford
3l4n8je3wgnle1tmr,Sprinter 1500 Cargo Freightliner
x7l831zdhlenrij1a,Sprinter 1500 Passenger Freightliner
bcm8gkojwzun8v9fh,Sprinter 2500 Cargo Freightliner
zuk49tfj08apf8ete,Sprinter 2500 Crew Freightliner
zr9srw6zhcezi0ehj,Sprinter 2500 Passenger Freightliner
syqgbsgzpmo3r0q34,Sprinter 3500 Cargo Freightliner
5sgyi8oe2ratsh5i5,Sprinter 3500 Crew Freightliner
ppd8x933cjr6zlx5n,Sprinter 3500 XD Crew Freightliner
5wbuk0cbjbgf7ftvv,Sprinter 3500XD Cargo Freightliner
lb06htm5fy6icfmxe,Sprinter 4500 Cargo Freightliner
ljgkfza6o8xxfe8ke,Sprinter 4500 Crew Freightliner
awfrxdzzebg2g53s2,G70 Genesis
3jplfl092vziau778,G80 Genesis
ezswyfqvby3dic3em,G90 Genesis
ky525los4r9qdqj5h,Acadia GMC
0d9gfe80ex75us6dy,Canyon Crew Cab GMC
jibgjode3yre7htia,Sierra 1500 Crew Cab GMC
l0egfu7b0xrxk8dmp,Sierra 1500 Double Cab GMC
hb3bqy6clpqwgqnwt,Sierra 1500 Regular Cab GMC
hf8sdxees1wqtzo1s,Sierra 2500 HD Crew Cab GMC
9sp84bie4fqpuhea0,Sierra 3500 HD Crew Cab GMC
17n6doy787jv20c4x,Terrain GMC
q4hvmdznjsyy7trq3,Yukon GMC
7qnw5e0b6e9sbonv7,Yukon XL GMC
0j2fp3ys45ajan1f9,Accord Honda
3wrbu0rtp905hdkca,Accord Hybrid Honda
3hxxswzdbi0161hnc,Civic Honda
v1e6ftlv947xw2zga,Civic Type R Honda
ttslk918sr12thtrf,Clarity Fuel Cell Honda
ss8dxylcs22ppqav5,Clarity Plug-in Hybrid Honda
hx51k2m8xbu3pwnfr,CR-V Honda
jhh665gi1h9sdb1gy,CR-V Hybrid Honda
a6wni0wfaw0jdfoj8,Fit Honda
g2n9k1yssvnpta3w1,HR-V Honda
wrtdbrv16jp9ybuje,Insight Honda
583yze85zeizqv7xm,Odyssey Honda
t705el1hosis3u3go,Passport Honda
f42c6muhmmncqxsmm,Pilot Honda
rxsj0wbrlwzn5upsb,Ridgeline Honda
qc4jxufx28of840fr,Accent Hyundai
cfxfoi0vu054q27to,Elantra Hyundai
gpsc4dnw7yxmn19ho,Elantra GT Hyundai
sj56b4dyc3j3mgqvt,Ioniq Electric Hyundai
xlxoicksrudih86xc,Ioniq Hybrid Hyundai
jyyrfupo1jd3vrg03,Ioniq Plug-in Hybrid Hyundai
ext9kgunuk9p55nfk,Kona Hyundai
626bs0iaq3gz5c7sn,Kona Electric Hyundai
4idc9rdeukp86n0xl,NEXO Hyundai
un31v7l93noxyhc7r,Palisade Hyundai
aech7l378p2bupqcu,Santa Fe Hyundai
stywjk1dgezq5cnao,Sonata Hyundai
nvudxca3wrt7j78vd,Sonata Hybrid Hyundai
zsj414kd1hercnpbf,Tucson Hyundai
c4rr4qx2w3ig6g041,Veloster Hyundai
m41tv1k9656mued6d,Venue Hyundai
4ddw4bvcebb74anwk,Q50 INFINITI
bujvqdhr8v1pcyek2,Q60 INFINITI
lw0fr3frr0ibb4s0j,QX50 INFINITI
ctwsna6e6q4wcm6xb,QX60 INFINITI
y15ft1ed9n8p70jz2,QX80 INFINITI
vvyk7w4avml4onloa,E-PACE Jaguar
g15et2roow8y8zv7j,F-PACE Jaguar
0l900ebe7o3iv9wa6,F-TYPE Jaguar
ur4yc3g6t95lwxz7e,I-PACE Jaguar
x9pjpw49vnyf2xlxc,XE Jaguar
edduxs24gff2k1dlq,XF Jaguar
lwvxf59zqpr01muxu,Cherokee Jeep
sw4uarxoirygkwv4m,Compass Jeep
lyco9id5hdldp3uf0,Gladiator Jeep
iqr6lf8i6olsf266o,Grand Cherokee Jeep
a6ugso0y2olk2yebu,Renegade Jeep
nemqasefd42mbkpha,Wrangler Jeep
2yuu0c0hs1w8dzgru,Wrangler Unlimited Jeep
p1t8anqapu8m0e6d2,Cadenza Kia
5pqaxcwir1sh9ev4q,Forte Kia
4yxc2ketkr152w04l,K900 Kia
40bu1y7zsv73qqnrj,Niro Kia
jipzcfmrmu4nze2mx,Niro EV Kia
j436d90mkygz4boos,Niro Plug-in Hybrid Kia
nrpw2vydoecm3rfr2,Optima Kia
hsxngjzm2qf1stq9g,Optima Hybrid Kia
0k7bqif3y4y9qhbib,Optima Plug-in Hybrid Kia
450ehizjafsm6vvnw,Rio Kia
05u00ksusobnliesq,Sedona Kia
yvictbh2pcwr1jcw3,Sorento Kia
rgylduiuz4y5z6n3p,Soul Kia
6afug3m7kh5c0e80r,Sportage Kia
184fvaar4ht60gixm,Stinger Kia
ncqjkmln2nmr9zzfh,Telluride Kia
fp9kl9edmv3bubxpo,Defender 110 Land Rover
16jiqvs12xy94s31t,Defender 90 Land Rover
a3ybcdlg71rmilycv,Discovery Land Rover
7358y3qssmqdrcaja,Discovery Sport Land Rover
a40mz28ct4aptl96j,Range Rover Land Rover
u96vm9ist15cpzrdi,Range Rover Evoque Land Rover
l4miia75f9pd9argh,Range Rover Sport Land Rover
rampy4s3fbcadetll,Range Rover Velar Land Rover
afubm99zga2ou0n5h,ES Lexus
hr02w94oc845b461x,GS Lexus
amwgfbn0r40ovlze5,GX Lexus
7bvsnf0wjaf3ef5w6,IS Lexus
zbjbbqmceee9rxe1g,LC Lexus
74gexg6u5ah6nz42y,LS Lexus
wx545viqibww2nac8,LX Lexus
iaq2c5mrfpff1pjh2,NX Lexus
ar5mbj7yoek7dxh4o,RC Lexus
q3l6u1snzfdlrwmo9,RX Lexus
mtgwg1tdx0btc27lm,UX Lexus
8q66qzn8ld3n7s8se,Aviator Lincoln
kxy2kb226bq3xnf9e,Continental Lincoln
x6sd543x5yz00ida7,Corsair Lincoln
rkxuyodduy6fxzxn2,MKZ Lincoln
4c9bo35fomcbg2n2z,Nautilus Lincoln
65mu9ro9lg6sh9bn7,Navigator Lincoln
nba6cq1ojbabn5tm8,Navigator L Lincoln
31ai4uubdx8xhnayi,CX-3 MAZDA
ol133puf0pn77knfj,CX-30 MAZDA
fjnzsqq59231cxanf,CX-5 MAZDA
qhueampdefhdfnur7,CX-9 MAZDA
i0kt54l83w1nx1nu2,MAZDA3 MAZDA
3fuef77wolj14pjke,MAZDA6 MAZDA
pjcwunigg0yzrn3tm,MX-5 Miata MAZDA
tp62d3n6rscg9grds,MX-5 Miata RF MAZDA
merfj1m89gj678phr,A-Class Mercedes-Benz
64nlmpzzc5g9gugw8,C-Class Mercedes-Benz
bycgjxu4dweauuw9r,CLA Mercedes-Benz
jxzg9z1qg6f82wck8,CLS Mercedes-Benz
61fkwg2ri2vzsktaz,E-Class Mercedes-Benz
ks61b9k0d0o6labzv,G-Class Mercedes-Benz
x53gwq7z16g0yvw7d,GLA Mercedes-Benz
mtoh524ttqov62ta6,GLB Mercedes-Benz
xxgsxb9bjcdape28i,GLC Mercedes-Benz
ysko1d8xdate4exz2,GLE Mercedes-Benz
880vyrpfvz1telwwy,GLS Mercedes-Benz
dazr5ui5ubq6p8pkx,Mercedes-AMG A-Class Mercedes-Benz
g3hxaa5ifnhd8y6sf,Mercedes-AMG C-Class Mercedes-Benz
awakcos0dq9ig1lir,Mercedes-AMG CLS Mercedes-Benz
f2obda4izga1wmtoj,Mercedes-AMG GLC Mercedes-Benz
72kmdoz66t5a9v54r,Mercedes-AMG GLC Coupe Mercedes-Benz
sdde6wgbmhr8qdq37,Metris WORKER Cargo Mercedes-Benz
4s8ecozegq8i0ue6f,Metris WORKER Passenger Mercedes-Benz
3pleagek1hh8qppgb,S-Class Mercedes-Benz
1n6mqzn9zfh3vwncl,SLC Mercedes-Benz
kbs23m44khsg0bscy,Sprinter 1500 Cargo Mercedes-Benz
31a2nz8fla6rfu36e,Sprinter 1500 Passenger Mercedes-Benz
foxj8acsfs428ez06,Sprinter 2500 Cargo Mercedes-Benz
3vcs6luwrl8mfwykw,Sprinter 2500 Crew Mercedes-Benz
5eop407khgdmm6g1i,Sprinter 2500 Passenger Mercedes-Benz
1i3vicdwqzef95fsm,Sprinter 3500 Cargo Mercedes-Benz
julr95eizfqkfp1v7,Sprinter 3500 Crew Mercedes-Benz
5qqbwck3nb3fhl74a,Sprinter 3500 XD Cargo Mercedes-Benz
xwp12mznt7xlljmtc,Sprinter 3500 XD Crew Mercedes-Benz
azckwsaxv3kcs3sqe,Sprinter 4500 Cargo Mercedes-Benz
2fggdd0xdfxrc2rve,Sprinter 4500 Crew Mercedes-Benz
ki1zaeodgtpkade5g,Clubman MINI
qhn66vlwsmngtb3qn,Countryman MINI
sjyp1b2c6ulmdcsw5,Hardtop 2 Door MINI
ljiioxqcs1b7xsv4x,Hardtop 4 Door MINI
u4g1ygv39a9kpk4tx,Eclipse Cross Mitsubishi
ztieewhmjj1fjbzsp,Mirage Mitsubishi
rxpewcxpowr2dqgna,Mirage G4 Mitsubishi
2bvspi9op63x08j19,Outlander Mitsubishi
2gescquz090tf3u2i,Outlander PHEV Mitsubishi
ix67cpqzgg31yxhbd,Outlander Sport Mitsubishi
xair0ub3zji5kdj5r,370Z Nissan
zw4c01y35k17cltsb,Altima Nissan
fut1sc5dnfh46du6g,Armada Nissan
7ugb7ity4kk5x8ymi,Frontier Crew Cab Nissan
7zl0ht98nvq88hgb5,Frontier King Cab Nissan
n8lailacx2vizhssy,GT-R Nissan
g4vq0bhcuwdz5cd41,Kicks Nissan
u0ahynlxt0o0xo7qk,LEAF Nissan
blpow7e7yy7n1zrn7,Maxima Nissan
w2rqrrk3gl3m6ifjv,Murano Nissan
b1on736j9zok1a6mz,NV1500 Cargo Nissan
1f83t4fvqvlv1p1dg,NV200 Nissan
y08uz9vhs16tpk79h,NV2500 HD Cargo Nissan
rak2s6j1rhuyijwgv,NV3500 HD Cargo Nissan
mfnebfnwbdjcalnvt,NV3500 HD Passenger Nissan
813nf3z3h2asjskm3,Pathfinder Nissan
71wdp47gr3ayq5gcy,Rogue Nissan
k4niglyk4mmd1u90h,Rogue Sport Nissan
ow9qt66hyaze173qv,Sentra Nissan
hp9v0p82vsuczib8j,Titan Crew Cab Nissan
ruch17rarl8gcoswg,Titan King Cab Nissan
nt0wxhby8ole91xfs,TITAN XD Crew Cab Nissan
qjnnqsrujd9vsdbqt,Versa Nissan
5riw4nbt2tf6stkau,718 Boxster Porsche
8jj26ajcodbcpkkyp,718 Cayman Porsche
6g75w6l4x9mx0tyv7,718 Spyder Porsche
f1g08q9uqjarni5ic,911 Porsche
xedymn78jb6oxtnrs,Cayenne Porsche
fsrz7z8lgwlmk0qpx,Cayenne Coupe Porsche
6trj2oj2zpcf20w94,Macan Porsche
dn0n0peng0vv9lq8a,Panamera Porsche
x39jmdi7ij6fn6ynp,Taycan Porsche
wdzkfem5wxxg0dvh2,1500 Classic Crew Cab Ram
c3av0jsqsfih247it,1500 Classic Quad Cab Ram
ynj0rzwn0pu0rgk8v,1500 Crew Cab Ram
34m353h3x8ey33z8g,1500 Quad Cab Ram
pi7buenia37za98ih,2500 Crew Cab Ram
ac5z2tc640sy7w42l,3500 Crew Cab Ram
0bati09v59jdw8fpw,ProMaster Cargo Van Ram
3xcqxz5f0n5tdhc7z,ProMaster City Ram
i6hx1l6e6t22h2mjl,Ascent Subaru
3h04dmfosndb22hg7,BRZ Subaru
zjh8blgl0fdmsvsk2,Crosstrek Subaru
o4h5fucjj82de1vwk,Forester Subaru
cdbm15tsngcb91v1a,Impreza Subaru
nm9buyez2nnivnrzi,Legacy Subaru
tpipw9xm1oahjghme,Outback Subaru
oixirp6x9sfk22um1,WRX Subaru
ifsu0nly2jdrtgg5q,Model 3 Tesla
9ic9bal1xqrc9vq5r,Model S Tesla
7b4tx5mtyf2gqm9ol,Model X Tesla
2lj1hfg3d63w3xxwb,Model Y Tesla
ifb6mm0pm5svhesyx,4Runner Toyota
3evz06x0t9s75rfuo,86 Toyota
d4mop8tm4kxh51l7f,Avalon Toyota
4salsiof3nhsrnnb2,Avalon Hybrid Toyota
byljngbn5w9txhh9z,Camry Toyota
wxtduv8jwvl3n6kgd,Camry Hybrid Toyota
0ww6rm87wwowffas2,C-HR Toyota
00szqdma0uzuszynu,Corolla Toyota
run2fkuf78uwrplku,Corolla Hatchback Toyota
fuxnjtj601ine6zju,Corolla Hybrid Toyota
ypf9vp7use2njfoj7,GR Supra Toyota
uezhhbd6otl13c4n6,Highlander Toyota
15fvtf031oqtrw4eg,Highlander Hybrid Toyota
mvtnqocdh5v2zc8an,Land Cruiser Toyota
ntema88oqwwn77rxw,Mirai Toyota
zi3tkrcsmkebcmsse,Prius Toyota
ila4mwv9a1pzj7eec,Prius Prime Toyota
mzg3cbb4xy4mnke43,RAV4 Toyota
ygw2nwitk0w2cma6a,RAV4 Hybrid Toyota
a2mkgj9ay81wwrl5q,Sequoia Toyota
j7rj8d8k2lobum3qn,Sienna Toyota
jlsts7x2yxr7xjl7w,Tacoma Access Cab Toyota
ddo0bznan8u8dw7gj,Tacoma Double Cab Toyota
h9n70a4qkprmfbce8,Tundra CrewMax Toyota
j0bwiwete8c3ubt1n,Tundra Double Cab Toyota
bltzmcuk1j6xi6r4f,Yaris Toyota
mhex9njovb1xzo7v1,Yaris Hatchback Toyota
91ui6xrmqnh55cu9p,Arteon Volkswagen
ylw0c8kk0b2wc49br,Atlas Volkswagen
60k6qtwks9bs09gxk,Atlas Cross Sport Volkswagen
zv8a72j7fwyzosi4o,Golf Volkswagen
g4zsi2apt8j2abw92,Golf GTI Volkswagen
fncq98a8k77ver3yl,Jetta Volkswagen
3m81q38un3affuc0w,Jetta GLI Volkswagen
m527g5yt74c4prpey,Passat Volkswagen
ikaaytd6ve93fm55s,Tiguan Volkswagen
e76owqkis8608muaq,S60 Volvo
l1zvylybv1y02sg96,S90 Volvo
msikw301fvhfx2p2z,V60 Volvo
aef6qwhnazvs0q00b,V90 Volvo
9c2gy793s0r578j7d,XC40 Volvo
rc4965a6vefjperpv,XC60 Volvo
2m9slgfd850rc0luw,XC90 Volvo
